,,,,,,,,,,,,,,,,
Course,Modality,Title,CRN,Instructor,Section Start Date,Section End Date,Section Meet Schedule,Section Meet Begin Time,Section Meet End Time,Section Building Code,Room,Cross-list Group,Cross Listed Section,CalGETC Attribute,Term Length,Class Hyperlink
ADS-307-ZJH,ONLINE,Family Systems in Addiction,99029,"Devera, Magnolia B.",8/16/2026,12/19/2026,M,1830,2035,4-ONLN,0000,,,,Full Term,https://webschedule.smccd.edu/course/202608/99029
ADS-314-JA,FACE TO FACE,Indiv. AOD Counseling Process,98997,"Eiland, Benjamin M.",8/16/2026,12/19/2026,T,1830,2120,4-14,0117,,,,Full Term,https://webschedule.smccd.edu/course/202608/98997
ADS-304-YKH,ONLINE,"Intervention, Treatment & Rec",98976,"Eiland, Benjamin M.",8/16/2026,12/19/2026,W,1830,2120,4-ONLN,0000,,,,Full Term,https://webschedule.smccd.edu/course/202608/98976
ADS-301-JA,FACE TO FACE,Intro to Addiction Studies,98975,"Schulze, Walter E.",8/16/2026,12/19/2026,T,1830,2120,4-10,0192,,,,Full Term,https://webschedule.smccd.edu/course/202608/98975
ADS-310-JA,FACE TO FACE,Spec Pop Grp Addiction Studies,98996,"Schulze, Walter E.",8/16/2026,12/19/2026,R,1830,2120,4-10,0192,,,,Full Term,https://webschedule.smccd.edu/course/202608/98996
ADS-315-ZJH,ONLINE,Field  Studies/Seminar,98999,"Devera, Magnolia B.",8/16/2026,12/19/2026,W,1830,2030,4-ONLN,0000,,,,Full Term,https://webschedule.smccd.edu/course/202608/98999
ANTH-125-AA,FACE TO FACE,Intro to Biological Anthro,93929,"Titus, Michele D.",8/16/2026,12/19/2026,TR,0945,1100,4-18,0308,,,5B,Full Term,https://webschedule.smccd.edu/course/202608/93929
ANTH-180-OLH,ONLINE,"Magic, Science & Religion",97906,"Titus, Michele D.",8/16/2026,12/19/2026,       ,    ,    ,4-ONLN,0000,,,4,Full Term,https://webschedule.smccd.edu/course/202608/97906
ANTH-110-AA,FACE TO FACE,Cultural Anthropology,81711,"Titus, Michele D.",8/16/2026,12/19/2026,TR,1110,1225,4-18,0308,,,4,Full Term,https://webschedule.smccd.edu/course/202608/81711
ART-105-OLH,ONLINE,Asian Art and Architecture,94582,"Gardini, Ashley L.",8/16/2026,12/19/2026,       ,    ,    ,4-ONLN,0000,,,3A,Full Term,https://webschedule.smccd.edu/course/202608/94582
ART-103-AA,FACE TO FACE,Art of Eu&Am Neoclassical,81752,"Gardini, Ashley L.",8/16/2026,12/19/2026,TR,1110,1225,4-04,0135,,,3A,Full Term,https://webschedule.smccd.edu/course/202608/81752
ART-301-OLH,ONLINE,Two-Dimensional Design,81771,"Slapin Lufkin, Emily A.",8/16/2026,12/19/2026,       ,    ,    ,4-ONLN,0000,,,,Full Term,https://webschedule.smccd.edu/course/202608/81771
ART-401-ZAH,ONLINE,Three-Dimensional Design,94660,"Kern, Michelle P.",8/16/2026,12/19/2026,T,0945,1035,4-ONLN,0000,,,,Full Term,https://webschedule.smccd.edu/course/202608/94660
ART-204-OXH,ONLINE,Drawing I,95832,"Corvelle, Diana L.",8/16/2026,12/19/2026,       ,    ,    ,4-ONLN,0000,DN,"ART-204-OXH, ART-205-OXH, ",,Full Term,https://webschedule.smccd.edu/course/202608/95832
ART-200-HYJ,HYBRID,Portfolio Preparation,98533,"Deretsky, Zina",8/16/2026,12/19/2026,T,1730,1825,4-TBD,0000 & UNKN,,,,Full Term,https://webschedule.smccd.edu/course/202608/98533
ART-204-BX,FACE TO FACE,Drawing I,95835,"Deretsky, Zina",8/16/2026,12/19/2026,M,1310,1400,4-04,0137 & 0139,CS,"ART-204-BX, ART-205-BX, ",,Full Term,https://webschedule.smccd.edu/course/202608/95835
ART-204-ONH,ONLINE,Drawing I,99001,"Iqbal, Bismillah",8/16/2026,12/19/2026,       ,    ,    ,4-ONLN,0000,CK,"ART-204-ONH, ART-205-ONH, ",,Full Term,https://webschedule.smccd.edu/course/202608/99001
ART-204-AX,FACE TO FACE,Drawing I,96616,"Iqbal, Bismillah",8/16/2026,12/19/2026,M,0910,1100,4-04,0137 & 0139,EE,"ART-204-AX, ART-205-AB, ",,Full Term,https://webschedule.smccd.edu/course/202608/96616
ART-223-BAX,FACE TO FACE,Oil Painting I,81761,"Ferrer Clotas, Aina",8/16/2026,12/19/2026,M,0910,1010,4-04,0111,DQ,"ART-223-BAX, ART-224-BAX, ",,Full Term,https://webschedule.smccd.edu/course/202608/81761
ART-203-DX,FACE TO FACE,Plein Air Painting,95828,"Buchanan, Noah",8/16/2026,12/19/2026,T,1310,1450,4-04,0111,EY,"ART-203-DX, ART-253-DX, ART-254-DX, ART-255-DX, ",,Full Term,https://webschedule.smccd.edu/course/202608/95828
ART-206-AX,FACE TO FACE,Expressive Fig.Draw&Portrai,81759,"Iqbal, Bismillah",8/16/2026,12/19/2026,T,1310,1450,4-04,0137 & 0139,DY,"ART-230-AX, ART-206-AX, ",,Full Term,https://webschedule.smccd.edu/course/202608/81759
ART-208-BX,FACE TO FACE,Portrait Drawing I,94664,"Buchanan, Noah",8/16/2026,12/19/2026,T,0910,1050,4-04,0111,DK,"ART-208-BX, ART-209-BX, ART-215-BX, ART-216-BX, ",,Full Term,https://webschedule.smccd.edu/course/202608/94664
ART-381-HYA,HYBRID,Begin Digital Photography,99021,"Van Dongen, Nico",8/16/2026,12/19/2026,T,1110,1240,4-04,0000 & 0239,,,,Full Term,https://webschedule.smccd.edu/course/202608/99021
ART-381-ONH,ONLINE,Begin Digital Photography,98972,"Porras, Tamara",8/16/2026,12/19/2026,       ,    ,    ,4-ONLN,0000,,,,Full Term,https://webschedule.smccd.edu/course/202608/98972
ART-411-AX,FACE TO FACE,Ceramics I,81785,"Ichimura, Jeanne E.",8/16/2026,12/19/2026,M,0930,1025,4-04,0010,CG,"ART-411-AX, ART-412-AX, ART-417-AX, ART-418-AX, ",,Full Term,https://webschedule.smccd.edu/course/202608/81785
ART-411-CX,FACE TO FACE,Ceramics I,97899,"Ichimura, Jeanne E.",8/16/2026,12/19/2026,M,1310,1400,4-04,0010,EZ,"ART-411-CX, ART-412-CX, ART-418-CX, ART-417-CX, ",,Full Term,https://webschedule.smccd.edu/course/202608/97899
ART-411-JX,FACE TO FACE,Ceramics I,96591,"Levine, Zan R.",8/16/2026,12/19/2026,T,1800,1850,4-04,0010,ED,"ART-417-JX, ART-418-JX, ART-411-JX, ART-412-JX, ",,Full Term,https://webschedule.smccd.edu/course/202608/96591
ART-383-JX,FACE TO FACE,Intermed Digital Photography,98969,"Porras, Tamara",8/16/2026,12/19/2026,M,1800,1850,4-04,0239,EF,"ART-383-JX, ART-384-JX, ",,Full Term,https://webschedule.smccd.edu/course/202608/98969
ART-231-ABX,FACE TO FACE,Watercolor I,99011,"Tarbell, Alan T.",8/16/2026,12/19/2026,M,1030,1125,CEF,0000,CZ,"ART-231-ABX, ART-232-ABX, ",,Full Term,https://webschedule.smccd.edu/course/202608/99011
ART-231-AX,FACE TO FACE,Watercolor I,93253,"Iqbal, Bismillah",8/16/2026,12/19/2026,T,0910,1050,4-04,0241,CW,"ART-243-AX, ART-231-AX, ART-232-AX, ART-233-AX, ",,Full Term,https://webschedule.smccd.edu/course/202608/93253
ART-244-BX,FACE TO FACE,Oil Painting III,95526,"Ferrer Clotas, Aina",8/16/2026,12/19/2026,M,1310,1400,4-04,0111,CA,"ART-224-BX, ART-244-BX, ART-247-BX, ",,Full Term,https://webschedule.smccd.edu/course/202608/95526
ART-205-BX,FACE TO FACE,Drawing II,97987,"Deretsky, Zina",8/16/2026,12/19/2026,M,1310,1400,4-04,0137 & 0139,CS,"ART-204-BX, ART-205-BX, ",,Full Term,https://webschedule.smccd.edu/course/202608/97987
ART-205-OXH,ONLINE,Drawing II,95833,"Corvelle, Diana L.",8/16/2026,12/19/2026,       ,    ,    ,4-ONLN,0000,DN,"ART-204-OXH, ART-205-OXH, ",,Full Term,https://webschedule.smccd.edu/course/202608/95833
ART-351-AX,FACE TO FACE,Beginning Black/White Photog.,81778,"Porras, Tamara",8/16/2026,12/19/2026,M,1310,1400,4-04,0211,ER,"ART-352-AX, ART-351-AX, ",,Full Term,https://webschedule.smccd.edu/course/202608/81778
ART-351-JA,FACE TO FACE,Begin Black/White Photography,98968,"Pack, Tressa L.",8/16/2026,12/19/2026,M,1800,1850,4-04,0211,,,,Full Term,https://webschedule.smccd.edu/course/202608/98968
ART-352-AX,FACE TO FACE,Interm Black and White Photogr,98967,"Porras, Tamara",8/16/2026,12/19/2026,M,1310,1400,4-04,0211,ER,"ART-352-AX, ART-351-AX, ",,Full Term,https://webschedule.smccd.edu/course/202608/98967
ART-224-BAX,FACE TO FACE,Oil Painting II,98715,"Ferrer Clotas, Aina",8/16/2026,12/19/2026,M,0910,1010,4-04,0111,DQ,"ART-223-BAX, ART-224-BAX, ",,Full Term,https://webschedule.smccd.edu/course/202608/98715
ART-384-JX,FACE TO FACE,Advanced Digital Photography,98970,"Porras, Tamara",8/16/2026,12/19/2026,M,1800,1850,4-04,0239,EF,"ART-383-JX, ART-384-JX, ",,Full Term,https://webschedule.smccd.edu/course/202608/98970
ART-412-CX,FACE TO FACE,Ceramics II,97901,"Ichimura, Jeanne E.",8/16/2026,12/19/2026,M,1310,1400,4-04,0010,EZ,"ART-411-CX, ART-412-CX, ART-418-CX, ART-417-CX, ",,Full Term,https://webschedule.smccd.edu/course/202608/97901
ART-209-BX,FACE TO FACE,Portrait Drawing II,94678,"Buchanan, Noah",8/16/2026,12/19/2026,T,0910,1050,4-04,0111,DK,"ART-208-BX, ART-209-BX, ART-215-BX, ART-216-BX, ",,Full Term,https://webschedule.smccd.edu/course/202608/94678
ART-247-BX,FACE TO FACE,Oil Painting IV,95826,"Ferrer Clotas, Aina",8/16/2026,12/19/2026,M,1310,1400,4-04,0111,CA,"ART-224-BX, ART-244-BX, ART-247-BX, ",,Full Term,https://webschedule.smccd.edu/course/202608/95826
ART-353-KX,FACE TO FACE,Adv Black and White Photograph,98971,"Kaneko, Hiroyo",8/16/2026,12/19/2026,T,1800,1850,4-04,0211,DA,"ART-352-KX, ART-353-KX, ART-391-KX, ART-392-KX, ART-393-KX, ART-394-KX, ",,Full Term,https://webschedule.smccd.edu/course/202608/98971
ART-412-AX,FACE TO FACE,Ceramics II,81787,"Ichimura, Jeanne E.",8/16/2026,12/19/2026,M,0930,1025,4-04,0010,CG,"ART-411-AX, ART-412-AX, ART-417-AX, ART-418-AX, ",,Full Term,https://webschedule.smccd.edu/course/202608/81787
ART-205-ONH,ONLINE,Drawing II,99002,"Iqbal, Bismillah",8/16/2026,12/19/2026,       ,    ,    ,4-ONLN,0000,CK,"ART-204-ONH, ART-205-ONH, ",,Full Term,https://webschedule.smccd.edu/course/202608/99002
ART-232-ABX,FACE TO FACE,Watercolor II,99012,"Tarbell, Alan T.",8/16/2026,12/19/2026,M,1030,1125,CEF,0000,CZ,"ART-231-ABX, ART-232-ABX, ",,Full Term,https://webschedule.smccd.edu/course/202608/99012
ART-391-KX,FACE TO FACE,Experimental Photography 1,99006,"Kaneko, Hiroyo",8/16/2026,12/19/2026,T,1800,1850,4-04,0211,DA,"ART-352-KX, ART-353-KX, ART-391-KX, ART-392-KX, ART-393-KX, ART-394-KX, ",,Full Term,https://webschedule.smccd.edu/course/202608/99006
ART-412-JX,FACE TO FACE,Ceramics II,97758,"Levine, Zan R.",8/16/2026,12/19/2026,T,1800,1850,4-04,0010,ED,"ART-417-JX, ART-418-JX, ART-411-JX, ART-412-JX, ",,Full Term,https://webschedule.smccd.edu/course/202608/97758
ART-215-BX,FACE TO FACE,Portraiture III,95829,"Buchanan, Noah",8/16/2026,12/19/2026,T,0910,1050,4-04,0111,DK,"ART-208-BX, ART-209-BX, ART-215-BX, ART-216-BX, ",,Full Term,https://webschedule.smccd.edu/course/202608/95829
ART-232-AX,FACE TO FACE,Watercolor II,93254,"Iqbal, Bismillah",8/16/2026,12/19/2026,T,0910,1050,4-04,0241,CW,"ART-243-AX, ART-231-AX, ART-232-AX, ART-233-AX, ",,Full Term,https://webschedule.smccd.edu/course/202608/93254
ART-253-DX,FACE TO FACE,Plein Air Painting II,96161,"Buchanan, Noah",8/16/2026,12/19/2026,T,1310,1450,4-04,0111,EY,"ART-203-DX, ART-253-DX, ART-254-DX, ART-255-DX, ",,Full Term,https://webschedule.smccd.edu/course/202608/96161
ART-381-ORH,ONLINE,Begin Digital Photography,98973,"Porras, Tamara",10/11/2026,12/19/2026,       ,    ,    ,4-ONLN,0000,,,,9th Week Start Date,https://webschedule.smccd.edu/course/202608/98973
ART-392-KX,FACE TO FACE,Experimental Photography 2,99013,"Kaneko, Hiroyo",8/16/2026,12/19/2026,T,1800,1850,4-04,0211,DA,"ART-352-KX, ART-353-KX, ART-391-KX, ART-392-KX, ART-393-KX, ART-394-KX, ",,Full Term,https://webschedule.smccd.edu/course/202608/99013
ART-417-JX,FACE TO FACE,Ceramics Glaze,95477,"Levine, Zan R.",8/16/2026,12/19/2026,T,1800,1850,4-04,0010,ED,"ART-417-JX, ART-418-JX, ART-411-JX, ART-412-JX, ",,Full Term,https://webschedule.smccd.edu/course/202608/95477
ART-418-AX,FACE TO FACE,Ceramics III,95871,"Ichimura, Jeanne E.",8/16/2026,12/19/2026,M,0930,1025,4-04,0010,CG,"ART-411-AX, ART-412-AX, ART-417-AX, ART-418-AX, ",,Full Term,https://webschedule.smccd.edu/course/202608/95871
ART-418-JX,FACE TO FACE,Ceramics III,95872,"Levine, Zan R.",8/16/2026,12/19/2026,T,1800,1850,4-04,0010,ED,"ART-417-JX, ART-418-JX, ART-411-JX, ART-412-JX, ",,Full Term,https://webschedule.smccd.edu/course/202608/95872
ART-224-BX,FACE TO FACE,Oil Painting II,81763,"Ferrer Clotas, Aina",8/16/2026,12/19/2026,M,1310,1400,4-04,0111,CA,"ART-224-BX, ART-244-BX, ART-247-BX, ",,Full Term,https://webschedule.smccd.edu/course/202608/81763
ART-417-AX,FACE TO FACE,Ceramics Glaze,95476,"Ichimura, Jeanne E.",8/16/2026,12/19/2026,M,0930,1025,4-04,0010,CG,"ART-411-AX, ART-412-AX, ART-417-AX, ART-418-AX, ",,Full Term,https://webschedule.smccd.edu/course/202608/95476
ART-205-AB,FACE TO FACE,Drawing II,98978,"Iqbal, Bismillah",8/16/2026,12/19/2026,M,0910,1100,4-04,0137 & 0139,EE,"ART-204-AX, ART-205-AB, ",,Full Term,https://webschedule.smccd.edu/course/202608/98978
ART-216-BX,FACE TO FACE,Portraiture IV,95830,"Buchanan, Noah",8/16/2026,12/19/2026,T,0910,1050,4-04,0111,DK,"ART-208-BX, ART-209-BX, ART-215-BX, ART-216-BX, ",,Full Term,https://webschedule.smccd.edu/course/202608/95830
ART-230-AX,FACE TO FACE,Expressive Fig.Draw&Portrai II,95827,"Iqbal, Bismillah",8/16/2026,12/19/2026,T,1310,1450,4-04,0137 & 0139,DY,"ART-230-AX, ART-206-AX, ",,Full Term,https://webschedule.smccd.edu/course/202608/95827
ART-243-AX,FACE TO FACE,Watercolor IV,95150,"Iqbal, Bismillah",8/16/2026,12/19/2026,T,0910,1050,4-04,0241,CW,"ART-243-AX, ART-231-AX, ART-232-AX, ART-233-AX, ",,Full Term,https://webschedule.smccd.edu/course/202608/95150
ART-352-KX,FACE TO FACE,Interm.Black&White Photography,94682,"Kaneko, Hiroyo",8/16/2026,12/19/2026,T,1800,1850,4-04,0211,DA,"ART-352-KX, ART-353-KX, ART-391-KX, ART-392-KX, ART-393-KX, ART-394-KX, ",,Full Term,https://webschedule.smccd.edu/course/202608/94682
ART-417-CX,FACE TO FACE,Ceramic Glazing Techniques,99030,"Ichimura, Jeanne E.",8/16/2026,12/19/2026,M,1310,1400,4-04,0010,EZ,"ART-411-CX, ART-412-CX, ART-418-CX, ART-417-CX, ",,Full Term,https://webschedule.smccd.edu/course/202608/99030
ART-233-AX,FACE TO FACE,Watercolor III,95149,"Iqbal, Bismillah",8/16/2026,12/19/2026,T,0910,1050,4-04,0241,CW,"ART-243-AX, ART-231-AX, ART-232-AX, ART-233-AX, ",,Full Term,https://webschedule.smccd.edu/course/202608/95149
ART-254-DX,FACE TO FACE,Plein Air Painting III,96482,"Buchanan, Noah",8/16/2026,12/19/2026,T,1310,1450,4-04,0111,EY,"ART-203-DX, ART-253-DX, ART-254-DX, ART-255-DX, ",,Full Term,https://webschedule.smccd.edu/course/202608/96482
ART-255-DX,FACE TO FACE,Plein Air Painting IV,96483,"Buchanan, Noah",8/16/2026,12/19/2026,T,1310,1450,4-04,0111,EY,"ART-203-DX, ART-253-DX, ART-254-DX, ART-255-DX, ",,Full Term,https://webschedule.smccd.edu/course/202608/96483
ART-393-KX,FACE TO FACE,Experimental Photography 3,99014,"Kaneko, Hiroyo",8/16/2026,12/19/2026,T,1800,1850,4-04,0211,DA,"ART-352-KX, ART-353-KX, ART-391-KX, ART-392-KX, ART-393-KX, ART-394-KX, ",,Full Term,https://webschedule.smccd.edu/course/202608/99014
ART-394-KX,FACE TO FACE,Experimental Photography 4,99015,"Kaneko, Hiroyo",8/16/2026,12/19/2026,T,1800,1850,4-04,0211,DA,"ART-352-KX, ART-353-KX, ART-391-KX, ART-392-KX, ART-393-KX, ART-394-KX, ",,Full Term,https://webschedule.smccd.edu/course/202608/99015
ART-418-CX,FACE TO FACE,Ceramics III,97903,"Ichimura, Jeanne E.",8/16/2026,12/19/2026,M,1310,1400,4-04,0010,EZ,"ART-411-CX, ART-412-CX, ART-418-CX, ART-417-CX, ",,Full Term,https://webschedule.smccd.edu/course/202608/97903
ARTH-C1100-OLH,ONLINE,Survey of Art from Prehistory,98943,"Cortez, Cheyanne M.",8/16/2026,12/19/2026,       ,    ,    ,4-ONLN,0000,,,3A,Full Term,https://webschedule.smccd.edu/course/202608/98943
ARTH-C1200-AA,FACE TO FACE,Survy West Art: Ren to Contemp,98944,"Cortez, Cheyanne M.",8/16/2026,12/19/2026,MW,1110,1225,4-04,0135,,,3A,Full Term,https://webschedule.smccd.edu/course/202608/98944
ARTH-C1200-OLH,ONLINE,Survy West Art: Ren to Contemp,98947,"Gardini, Ashley L.",8/16/2026,12/19/2026,       ,    ,    ,4-ONLN,0000,,,3A,Full Term,https://webschedule.smccd.edu/course/202608/98947
ARTH-C1100-OMH,ONLINE,Survey of Art from Prehistory,98945,"Cortez, Cheyanne M.",8/16/2026,12/19/2026,       ,    ,    ,4-ONLN,0000,,,3A,Full Term,https://webschedule.smccd.edu/course/202608/98945
ARTH-C1100-AA,FACE TO FACE,Survey of Art from Prehistory,98942,"Cortez, Cheyanne M.",8/16/2026,12/19/2026,MW,0945,1100,4-04,0135,,,3A,Full Term,https://webschedule.smccd.edu/course/202608/98942
ARTH-C1100-ONH,ONLINE,Survey of Art from Prehistory,98946,"Cortez, Cheyanne M.",8/16/2026,12/19/2026,       ,    ,    ,4-ONLN,0000,,,3A,Full Term,https://webschedule.smccd.edu/course/202608/98946
DGME-100-OLH,ONLINE,Media in Society,93086,"Brown, Michelle M.",10/11/2026,12/19/2026,       ,    ,    ,4-ONLN,0000,,,4,9th Week Start Date,https://webschedule.smccd.edu/course/202608/93086
DGME-118-ZAH,ONLINE,Digital Audio Production,92900,"McCabe, Donna M.",8/16/2026,12/19/2026,T,1230,1335,4-ONLN,0000,,,,Full Term,https://webschedule.smccd.edu/course/202608/92900
DGME-164-AA,FACE TO FACE,User Interface/User Exp Design,95863,"Bennett, Diana L.",8/16/2026,12/19/2026,W,0910,1120,4-10,0182,,,,Full Term,https://webschedule.smccd.edu/course/202608/95863
DGME-113-HYX,HYBRID,Digital Video Production,96601,"Pitman, Andrew T.",8/16/2026,12/19/2026,R,0910,1025,4-10,0000 & 0182,EL,"DGME-113-HYX, DGME-114-HYX, ",,Full Term,https://webschedule.smccd.edu/course/202608/96601
DGME-215-HYA,HYBRID,History of Graphic Design,93115,"Van Dongen, Nico",8/16/2026,12/19/2026,T,1445,1600,4-10,0000 & 0182,,,3A,Full Term,https://webschedule.smccd.edu/course/202608/93115
DGME-211-AA,FACE TO FACE,Introduction to Graphic Design,92969,"Fainshtein, Vera",8/16/2026,12/19/2026,T,1310,1515,4-10,0163,,,,Full Term,https://webschedule.smccd.edu/course/202608/92969
DGME-102-OMH,ONLINE,Media Law & Ethics,93094,"Brown, Michelle M.",8/16/2026,12/19/2026,       ,    ,    ,4-ONLN,0000,,,4,Full Term,https://webschedule.smccd.edu/course/202608/93094
DGME-103-AA,FACE TO FACE,Fund of Two-Dimensional Design,92867,"Fainshtein, Vera",8/16/2026,12/19/2026,M,0945,1200,4-10,0163,,,,Full Term,https://webschedule.smccd.edu/course/202608/92867
DGME-100-AA,FACE TO FACE,Media in Society,97974,"Aquino, Jennifer E.",8/16/2026,12/19/2026,MW,0945,1100,4-14,0218,,,4,Full Term,https://webschedule.smccd.edu/course/202608/97974
DGME-119-OXH,ONLINE,Radio & Podcast Prod Lab,96088,"McCabe, Donna M.",8/16/2026,12/19/2026,       ,    ,    ,4-ONLN,0000,EV,"DGME-119-OXH, DGME-133-OXH, DGME-134-OXH, DGME-135-OXH, ",,Full Term,https://webschedule.smccd.edu/course/202608/96088
DGME-230-AA,FACE TO FACE,Production Design Print/Screen,92927,"Fainshtein, Vera",8/16/2026,12/19/2026,T,1010,1125,4-10,0163,,,,Full Term,https://webschedule.smccd.edu/course/202608/92927
DGME-100-HYA,HYBRID,Media in Society,98266,"Brown, Michelle M.",8/16/2026,12/19/2026,T,1010,1130,4-10,0000 & 0160,,,4,Full Term,https://webschedule.smccd.edu/course/202608/98266
DGME-107-OLH,ONLINE,Intro to Social Media,96924,"Fernandes, Fabio L.",10/11/2026,12/19/2026,       ,    ,    ,4-ONLN,0000,,,,9th Week Start Date,https://webschedule.smccd.edu/course/202608/96924
DGME-108-OLH,ONLINE,The TV World - A Critical View,98505,"Brown, Michelle M.",10/11/2026,12/19/2026,       ,    ,    ,4-ONLN,0000,,,,9th Week Start Date,https://webschedule.smccd.edu/course/202608/98505
DGME-100-OSH,ONLINE,Media in Society,98766,"Brown, Michelle M.",10/11/2026,12/19/2026,       ,    ,    ,4-ONLN,0000,,,4,9th Week Start Date,https://webschedule.smccd.edu/course/202608/98766
DGME-167-AA,FACE TO FACE,Web/Mobile Design I,93456,"Bennett, Diana L.",8/16/2026,12/19/2026,W,1310,1520,4-10,0182,,,,Full Term,https://webschedule.smccd.edu/course/202608/93456
DGME-100-OPH,ONLINE,Media in Society,98135,"McCabe, Donna M.",8/16/2026,12/19/2026,       ,    ,    ,4-ONLN,0000,,,4,Full Term,https://webschedule.smccd.edu/course/202608/98135
DGME-114-HYX,HYBRID,Digital Video Production II,98282,"Pitman, Andrew T.",8/16/2026,12/19/2026,R,0910,1025,4-10,0000 & 0182,EL,"DGME-113-HYX, DGME-114-HYX, ",,Full Term,https://webschedule.smccd.edu/course/202608/98282
DGME-175-AA,FACE TO FACE, Interaction Design,98960,"Travis, Steven S.",8/16/2026,12/19/2026,T,1310,1515,4-TBD,UNKN,,,,Full Term,https://webschedule.smccd.edu/course/202608/98960
DGME-100-ORH,ONLINE,Media in Society,98463,"Bennett, Diana L.",10/11/2026,12/19/2026,       ,    ,    ,4-ONLN,0000,,,4,9th Week Start Date,https://webschedule.smccd.edu/course/202608/98463
DGME-133-OXH,ONLINE,Radio & Podcast Prod. Lab II,96618,"McCabe, Donna M.",8/16/2026,12/19/2026,       ,    ,    ,4-ONLN,0000,EV,"DGME-119-OXH, DGME-133-OXH, DGME-134-OXH, DGME-135-OXH, ",,Full Term,https://webschedule.smccd.edu/course/202608/96618
DGME-169-OLH,ONLINE,Web/Mobile Desgn III:Mbl First,96603,"Bennett, Diana L.",10/11/2026,12/19/2026,       ,    ,    ,4-ONLN,0000,,,,9th Week Start Date,https://webschedule.smccd.edu/course/202608/96603
DGME-100-ONH,ONLINE,Media in Society,92299,"Bennett, Diana L.",10/11/2026,12/19/2026,       ,    ,    ,4-ONLN,0000,,,4,9th Week Start Date,https://webschedule.smccd.edu/course/202608/92299
DGME-134-OXH,ONLINE,Radio & Podcast Prod. Lab III,96925,"McCabe, Donna M.",8/16/2026,12/19/2026,       ,    ,    ,4-ONLN,0000,EV,"DGME-119-OXH, DGME-133-OXH, DGME-134-OXH, DGME-135-OXH, ",,Full Term,https://webschedule.smccd.edu/course/202608/96925
DGME-110-YJX,ONLINE,Photoshop Fundamentals,97734,"Fainshtein, Vera",8/30/2026,10/26/2026,M,1800,2000,4-ONLN,0000,,,,3rd Week Start Date,https://webschedule.smccd.edu/course/202608/97734
DGME-135-OXH,ONLINE,Radio & Podcast Prod. Lab IV,96926,"McCabe, Donna M.",8/16/2026,12/19/2026,       ,    ,    ,4-ONLN,0000,EV,"DGME-119-OXH, DGME-133-OXH, DGME-134-OXH, DGME-135-OXH, ",,Full Term,https://webschedule.smccd.edu/course/202608/96926
DGME-216-AB,FACE TO FACE,Intermediate Graphic Design,99031,"Fainshtein, Vera",10/11/2026,12/19/2026,M,1310,1535,4-10,0163,,,,9th Week Start Date,https://webschedule.smccd.edu/course/202608/99031
ECON-100-OMH,ONLINE,Principles of Macroeconomics,83267,"Lehigh, Steven M.",8/16/2026,12/19/2026,       ,    ,    ,4-ONLN,0000,,,4,Full Term,https://webschedule.smccd.edu/course/202608/83267
ECON-102-BB,FACE TO FACE,Principles of Microeconomics,82143,"Cockrum, Guillermo D.",8/16/2026,12/19/2026,TR,1110,1225,4-16,0209,,,4,Full Term,https://webschedule.smccd.edu/course/202608/82143
ECON-102-OMH,ONLINE,Principles of Microeconomics,93255,"Lehigh, Steven M.",8/16/2026,12/19/2026,       ,    ,    ,4-ONLN,0000,,,4,Full Term,https://webschedule.smccd.edu/course/202608/93255
ECON-100-AA,FACE TO FACE,Principles of Macroeconomics,97188,"Lehigh, Steven M.",8/16/2026,12/19/2026,MW,0945,1100,4-14,0117,,,4,Full Term,https://webschedule.smccd.edu/course/202608/97188
ECON-102-AA,FACE TO FACE,Principles of Microeconomics,89632,"Lehigh, Steven M.",8/16/2026,12/19/2026,MW,1110,1225,4-14,0117,,,4,Full Term,https://webschedule.smccd.edu/course/202608/89632
ECON-102-OLH,ONLINE,Principles of Microeconomics,92239,"Shokouhbakhsh, Ali A.",8/16/2026,12/19/2026,       ,    ,    ,4-ONLN,0000,,,4,Full Term,https://webschedule.smccd.edu/course/202608/92239
ECON-100-ONH,ONLINE,Principles of Macroeconomics,82136,"Lehigh, Steven M.",8/16/2026,12/19/2026,       ,    ,    ,4-ONLN,0000,,,4,Full Term,https://webschedule.smccd.edu/course/202608/82136
ECON-100-OPH,ONLINE,Principles of Macroeconomics,82137,"Shokouhbakhsh, Ali A.",10/11/2026,12/19/2026,       ,    ,    ,4-ONLN,0000,,,4,9th Week Start Date,https://webschedule.smccd.edu/course/202608/82137
ECON-100-OSH,ONLINE,Principles of Macroeconomics,99037,"Shokouhbakhsh, Ali A.",8/16/2026,12/19/2026,       ,    ,    ,4-ONLN,0000,,,4,Full Term,https://webschedule.smccd.edu/course/202608/99037
ETHN-101-AA,FACE TO FACE,Latin Amer History and Cult.,92278,"Ramirez, Rudy",8/16/2026,12/19/2026,TR,0945,1100,4-14,0102,,,"4,6",Full Term,https://webschedule.smccd.edu/course/202608/92278
ETHN-101-AB,FACE TO FACE,Latin Amer History and Cult.,97958,"Ramirez, Rudy",8/16/2026,12/19/2026,TR,1110,1225,4-14,0102,,,"4,6",Full Term,https://webschedule.smccd.edu/course/202608/97958
ETHN-101-HYB,HYBRID,Latin Amer History and Cult.,96929,"Mojica Villegas, Edgar R.",8/16/2026,12/19/2026,W,1110,1225,4-14,0000 & 0104,,,"4,6",Full Term,https://webschedule.smccd.edu/course/202608/96929
ETHN-101-HYC,HYBRID,Latin Amer History and Cult.,98279,"Mojica Villegas, Edgar R.",8/16/2026,12/19/2026,W,0945,1100,4-14,0000 & 0104,,,"4,6",Full Term,https://webschedule.smccd.edu/course/202608/98279
ETHN-101-ORH,ONLINE,Latin Amer History and Cult.,97723,"Santizo, Jackeline B.",8/16/2026,12/19/2026,       ,    ,    ,4-ONLN,0000,,,"4,6",Full Term,https://webschedule.smccd.edu/course/202608/97723
ETHN-101-OTH,ONLINE,Latin Amer History and Cult.,91948,"Santizo, Jackeline B.",8/16/2026,12/19/2026,       ,    ,    ,4-ONLN,0000,,,"4,6",Full Term,https://webschedule.smccd.edu/course/202608/91948
ETHN-101-OUH,ONLINE,Latin Amer History and Cult.,98174,"Santizo, Jackeline B.",8/16/2026,12/19/2026,       ,    ,    ,4-ONLN,0000,,,"4,6",Full Term,https://webschedule.smccd.edu/course/202608/98174
ETHN-265-OLH,ONLINE,Evolution of Hip Hop Culture,99035,"Lara, Ismael R.",8/16/2026,12/19/2026,       ,    ,    ,4-ONLN,0000,,,,Full Term,https://webschedule.smccd.edu/course/202608/99035
ETHN-265-OMH,ONLINE,Evolution of Hip Hop Culture,99036,"Lara, Ismael R.",8/16/2026,12/19/2026,       ,    ,    ,4-ONLN,0000,,,,Full Term,https://webschedule.smccd.edu/course/202608/99036
ETHN-107-HYA,HYBRID,Intro Native American Studies,97973,"Mojica Villegas, Edgar R.",9/6/2026,12/19/2026,M,1110,1225,4-14,0000 & 0104,,,"4,6",4th Week Start Date,https://webschedule.smccd.edu/course/202608/97973
ETHN-107-HYB,HYBRID,Intro Native American Studies,98938,"Mojica Villegas, Edgar R.",9/6/2026,12/19/2026,M,0945,1100,4-14,0000 & 0104,,,4,4th Week Start Date,https://webschedule.smccd.edu/course/202608/98938
ETHN-103-HYC,HYBRID,Asian American US Institutions,94684,"Moon, Seon H.",8/16/2026,12/19/2026,W,1110,1225,4-14,0000 & 0213,,,"4,6",Full Term,https://webschedule.smccd.edu/course/202608/94684
ETHN-101-JA,FACE TO FACE,Latin Amer History and Cult.,90044,"Ramirez, Rudy",8/16/2026,12/19/2026,W,1800,2050,4-14,0102,,,"4,6",Full Term,https://webschedule.smccd.edu/course/202608/90044
ETHN-103-HYA,HYBRID,Asian American US Institutions,98530,"Moon, Seon H.",8/16/2026,12/19/2026,W,0945,1100,4-TBD,0000,,,4,Full Term,https://webschedule.smccd.edu/course/202608/98530
ETHN-109-AA,FACE TO FACE,Borders and Crossings,98213,"Iyengar, Malathi M.",9/6/2026,12/19/2026,TR,1110,1235,4-14,0116,,,4,4th Week Start Date,https://webschedule.smccd.edu/course/202608/98213
ETHN-108-AA,FACE TO FACE,"Rethinking Race,Gender, Nation",98212,"Iyengar, Malathi M.",9/6/2026,12/19/2026,TR,0935,1100,4-14,0116,,,"4,6",4th Week Start Date,https://webschedule.smccd.edu/course/202608/98212
ETHN-300-HYA,HYBRID,Introduction to LaRaza Studies,85304,"Mojica Villegas, Edgar R.",9/6/2026,12/19/2026,T,1110,1225,4-14,0000 & 0104,,,4,4th Week Start Date,https://webschedule.smccd.edu/course/202608/85304
ETHN-265-BB,FACE TO FACE,Evolution of Hip Hop Culture,99005,"Lara, Ismael R.",8/16/2026,12/19/2026,MW,1110,1225,4-14,0102,,,,Full Term,https://webschedule.smccd.edu/course/202608/99005
ETHN-101-OVH,ONLINE,Latin Amer History and Cult.,98261,"Staff, CSM Creative Arts & Soc",10/11/2026,12/19/2026,       ,    ,    ,4-ONLN,0000,,,"4,6",9th Week Start Date,https://webschedule.smccd.edu/course/202608/98261
ETHN-105-AD,FACE TO FACE,African American Hist/Culture,94688,"Gaines, Freddie L.",8/16/2026,12/19/2026,TR,1110,1225,4-14,0218,EM,"ETHN-105-AD, ","4,6",Full Term,https://webschedule.smccd.edu/course/202608/94688
ETHN-265-AA,FACE TO FACE,Evolution of Hip Hop Culture,95887,"Gaines, Freddie L.",8/16/2026,12/19/2026,TR,0945,1100,4-14,0218,,,,Full Term,https://webschedule.smccd.edu/course/202608/95887
ETHN-288-AA,FACE TO FACE,African-American Cinema,82380,"Gaines, Freddie L.",8/16/2026,12/19/2026,MW,1110,1225,4-TBD,UNKN,EN,"ETHN-288-AA, ",,Full Term,https://webschedule.smccd.edu/course/202608/82380
GEOG-100-OLH,ONLINE,Physical Geography,96590,"Kaluzny, Margaret A.",8/16/2026,12/19/2026,       ,    ,    ,4-ONLN,0000,,,4,Full Term,https://webschedule.smccd.edu/course/202608/96590
GEOG-110-OLH,ONLINE,Cultural Geography,96914,"Kaluzny, Margaret A.",8/16/2026,12/19/2026,       ,    ,    ,4-ONLN,0000,,,4,Full Term,https://webschedule.smccd.edu/course/202608/96914
GBST-101-HYA,HYBRID,Introduction to Global Studies,98224,"Ball, Jeremy C.",10/11/2026,12/19/2026,W,1245,1415,4-18,0000 & 0306,,,4,9th Week Start Date,https://webschedule.smccd.edu/course/202608/98224
HIST-202-OLH,ONLINE,U.S. History Since 1865,92879,"Hunt, Judith L.",8/16/2026,12/19/2026,       ,    ,    ,4-ONLN,0000,,,3B,Full Term,https://webschedule.smccd.edu/course/202608/92879
HIST-106-OLH,ONLINE,World History II: from 1500,97548,"Hunt, Judith L.",8/16/2026,12/19/2026,       ,    ,    ,4-ONLN,0000,,,3B,Full Term,https://webschedule.smccd.edu/course/202608/97548
HIST-202-HYG,HYBRID,U.S. History Since 1865,82492,"Hunt, Judith L.",8/16/2026,12/19/2026,R,0945,1100,4-10,0000 & 0194,,,3B,Full Term,https://webschedule.smccd.edu/course/202608/82492
HIST-201-HYD,HYBRID,U.S. History to 1877,82487,"Hunt, Judith L.",8/16/2026,12/19/2026,W,1110,1225,4-10,0000 & 0194,,,3B,Full Term,https://webschedule.smccd.edu/course/202608/82487
HIST-201-HYB,HYBRID,U.S. History to 1877,96918,"Hunt, Judith L.",8/16/2026,12/19/2026,W,0945,1100,4-10,0000 & 0194,,,3B,Full Term,https://webschedule.smccd.edu/course/202608/96918
HIST-201-HYA,HYBRID,U.S. History to 1877,82486,"Irwin, Tatiana M.",8/16/2026,12/19/2026,T,0945,1100,4-14,0000 & 0214,,,3B,Full Term,https://webschedule.smccd.edu/course/202608/82486
HIST-261-HYA,HYBRID,Women in American History I,97726,"Irwin, Tatiana M.",8/16/2026,12/19/2026,W,1110,1225,4-14,0000 & 0214,,,3B,Full Term,https://webschedule.smccd.edu/course/202608/97726
HIST-201-HYF,HYBRID,U.S. History to 1877,98508,"Irwin, Tatiana M.",8/16/2026,12/19/2026,T,1110,1225,4-14,0000 & 0214,,,3B,Full Term,https://webschedule.smccd.edu/course/202608/98508
HIST-201-HYG,HYBRID,U.S. History to 1877,97913,"Irwin, Tatiana M.",8/16/2026,12/19/2026,W,1245,1400,4-14,0000 & 0214,,,3B,Full Term,https://webschedule.smccd.edu/course/202608/97913
HIST-201-HYC,HYBRID,U.S. History to 1877,95157,"Irwin, Tatiana M.",8/16/2026,12/19/2026,T,1245,1400,4-14,0000 & 0214,,,3B,Full Term,https://webschedule.smccd.edu/course/202608/95157
MUS.-100-ONH,ONLINE,Fundamentals of Music,82731,"Roper, Richard S.",8/16/2026,12/19/2026,       ,    ,    ,4-ONLN,0000,,,3A,Full Term,https://webschedule.smccd.edu/course/202608/82731
MUS.-131-BA,FACE TO FACE,Harmony I,82738,"Jackson, Jane M.",8/16/2026,12/19/2026,TR,1110,1225,4-02,0250,,,3A,Full Term,https://webschedule.smccd.edu/course/202608/82738
MUS.-100-OPH,ONLINE,Fundamentals of Music,82732,"Roper, Richard S.",8/16/2026,12/19/2026,       ,    ,    ,4-ONLN,0000,,,3A,Full Term,https://webschedule.smccd.edu/course/202608/82732
MUS.-111-AA,FACE TO FACE,Musicianship I,95544,"Thanos, Alexa K.",8/16/2026,12/19/2026,TR,1245,1400,4-02,0250,,,,Full Term,https://webschedule.smccd.edu/course/202608/95544
MUS.-289-AX,FACE TO FACE,Recording for Musical Apps,97533,"Otte, Adria A.",8/16/2026,12/19/2026,T,1410,1540,4-10,0160 & 0161,CO,"MUS.-289-AX, MUS.-389-AX, ",,Full Term,https://webschedule.smccd.edu/course/202608/97533
MUS.-202-OMH,ONLINE,Music Appreciation,97199,"Hoffmann, Shulamit",8/16/2026,12/19/2026,       ,    ,    ,4-ONLN,0000,,,3A,Full Term,https://webschedule.smccd.edu/course/202608/97199
MUS.-302-AX,FACE TO FACE,Piano II,94137,"Moeller, Michelle A.",8/16/2026,12/19/2026,W,1410,1525,4-02,0240,EJ,"MUS.-303-AX, MUS.-304-AX, MUS.-302-AX, ",,Full Term,https://webschedule.smccd.edu/course/202608/94137
MUS.-290-AA,FACE TO FACE,Electronic Music I,93413,"Otte, Adria A.",8/16/2026,12/19/2026,M,1410,1605,4-10,0160 & 0161,,,,Full Term,https://webschedule.smccd.edu/course/202608/93413
MUS.-423-JB,FACE TO FACE,Small Ensemble-Instru./vocal,98098,"Dronkers, Marcelle A.",8/16/2026,12/19/2026,W,1800,1850,4-02,0110,,,,Full Term,https://webschedule.smccd.edu/course/202608/98098
MUS.-884-A1,FACE TO FACE,Review of Fundamentals,98274,"Jackson, Jane M.",8/24/2026,9/21/2026,M,1345,1545,4-02,0250,,,,2nd Week Start Date,https://webschedule.smccd.edu/course/202608/98274
MUS.-286-YJH,ONLINE,Music Business,97234,"Carty, Montserrat A.",8/16/2026,12/19/2026,R,1800,2050,4-ONLN,0000,,,,Full Term,https://webschedule.smccd.edu/course/202608/97234
MUS.-301-AA,FACE TO FACE,Piano I,82746,"Jackson, Jane M.",8/16/2026,12/19/2026,T,0945,1100,4-02,0240,,,,Full Term,https://webschedule.smccd.edu/course/202608/82746
MUS.-430-JX,FACE TO FACE,Symphonic Band,90418,"Gallagher, Kevin S.",8/16/2026,12/19/2026,T,1900,2150,4-02,0150,DD,"MUS.-430-JX, MUS.-429-JX, ",,Full Term,https://webschedule.smccd.edu/course/202608/90418
MUS.-290-HYA,HYBRID,Electronic Music I,84111,"Do, Lien B.",8/16/2026,12/19/2026,T,1110,1240,4-ONLN,0000 & 0160,,,,Full Term,https://webschedule.smccd.edu/course/202608/84111
MUS.-317-JA,FACE TO FACE,Piano Lit&Perform-20th c&Beynd,98273,"Rodriguez-Marquez, Mauricio E.",8/16/2026,12/19/2026,R,1600,1715,4-02,0110,,,,Full Term,https://webschedule.smccd.edu/course/202608/98273
MUS.-292-HAX,HYBRID,Sound Creation: Sampl & Synth,86158,"Bobrowski, Christine M.",8/16/2026,12/19/2026,M,1025,1220,4-ONLN,0000 & 0160,DS,"MUS.-292-HAX, MUS.-296-HAX, MUS.-297-HAX, ",,Full Term,https://webschedule.smccd.edu/course/202608/86158
MUS.-401-JA,FACE TO FACE,Voice I,83786,"Dronkers, Marcelle A.",8/16/2026,12/19/2026,M,1900,2020,4-02,0110,,,,Full Term,https://webschedule.smccd.edu/course/202608/83786
MUS.-401-JX,FACE TO FACE,Voice I,98727,"Dronkers, Marcelle A.",8/16/2026,12/19/2026,T,1900,2010,4-02,0110,CR,"MUS.-401-JX, MUS.-402-JX, MUS.-403-JX, MUS.-404-JX, ",,Full Term,https://webschedule.smccd.edu/course/202608/98727
MUS.-100-AD,FACE TO FACE,Fundamentals of Music,93239,"Rodriguez-Marquez, Mauricio E.",8/16/2026,12/19/2026,MW,1245,1400,4-02,0110,,,3A,Full Term,https://webschedule.smccd.edu/course/202608/93239
MUS.-133-BA,FACE TO FACE,Harmony III,82740,"Jackson, Jane M.",8/16/2026,12/19/2026,MW,0910,1025,4-02,0250,,,,Full Term,https://webschedule.smccd.edu/course/202608/82740
MUS.-210-OLH,ONLINE,From Blues to Hip Hop,96079,"Rugani, Jessica M.",8/16/2026,12/19/2026,       ,    ,    ,4-ONLN,0000,,,3A,Full Term,https://webschedule.smccd.edu/course/202608/96079
MUS.-250-OLH,ONLINE,World Music,91510,"Otte, Adria A.",8/16/2026,12/19/2026,       ,    ,    ,4-ONLN,0000,,,3A,Full Term,https://webschedule.smccd.edu/course/202608/91510
MUS.-113-AA,FACE TO FACE,Musicianship III,95545,"Rodriguez-Marquez, Mauricio E.",8/16/2026,12/19/2026,MW,1035,1155,4-02,0250,,,,Full Term,https://webschedule.smccd.edu/course/202608/95545
MUS.-301-AB,FACE TO FACE,Piano I,98964,"Jackson, Jane M.",8/16/2026,12/19/2026,T,1545,1700,4-02,0240 & 240,,,,Full Term,https://webschedule.smccd.edu/course/202608/98964
MUS.-371-JX,FACE TO FACE,Guitar I,83144,"Psarras, Paul T.",8/16/2026,12/19/2026,R,1800,1915,4-02,0150,CP,"MUS.-371-JX, MUS.-372-JX, MUS.-373-JX, MUS.-374-JX, ",,Full Term,https://webschedule.smccd.edu/course/202608/83144
MUS.-501-AX,FACE TO FACE,Studio Lessons I(Appl. Mus. I),94694,"Otte, Adria A.",8/16/2026,12/19/2026,M,1240,1330,4-02,0150,DV,"MUS.-501-AX, MUS.-502-AX, MUS.-503-AX, MUS.-504-AX, ",,Full Term,https://webschedule.smccd.edu/course/202608/94694
MUS.-100-ORH,ONLINE,Fundamentals of Music,98146,"Bobrowski, Christine M.",10/11/2026,12/19/2026,       ,    ,    ,4-ONLN,0000,,,3A,9th Week Start Date,https://webschedule.smccd.edu/course/202608/98146
MUS.-424-AX,FACE TO FACE,Small Jazz Ensembles,97770,"Mitchell, Michael I.",8/16/2026,12/19/2026,T,1345,1435,4-02,0110 & 0150,DI,"MUS.-425-AX, MUS.-424-AX, ",,Full Term,https://webschedule.smccd.edu/course/202608/97770
MUS.-429-JX,FACE TO FACE,Wind Ensemble,93414,"Gallagher, Kevin S.",8/16/2026,12/19/2026,T,1900,2150,4-02,0150,DD,"MUS.-430-JX, MUS.-429-JX, ",,Full Term,https://webschedule.smccd.edu/course/202608/93414
MUS.-303-AX,FACE TO FACE,Piano III,82750,"Moeller, Michelle A.",8/16/2026,12/19/2026,W,1410,1525,4-02,0240,EJ,"MUS.-303-AX, MUS.-304-AX, MUS.-302-AX, ",,Full Term,https://webschedule.smccd.edu/course/202608/82750
MUS.-452-JX,FACE TO FACE,Repertory Jazz Band,95578,"Mitchell, Michael I.",8/16/2026,12/19/2026,M,1700,2005,4-02,0150,DZ,"MUS.-454-JX, MUS.-452-JX, ",,Full Term,https://webschedule.smccd.edu/course/202608/95578
MUS.-502-AX,FACE TO FACE,Studio Lessons II(Appl.Mus II),94695,"Otte, Adria A.",8/16/2026,12/19/2026,M,1240,1330,4-02,0150,DV,"MUS.-501-AX, MUS.-502-AX, MUS.-503-AX, MUS.-504-AX, ",,Full Term,https://webschedule.smccd.edu/course/202608/94695
MUS.-250-OMH,ONLINE,World Music,97080,"Otte, Adria A.",10/11/2026,12/19/2026,       ,    ,    ,4-ONLN,0000,,,3A,9th Week Start Date,https://webschedule.smccd.edu/course/202608/97080
MUS.-372-JX,FACE TO FACE,Guitar II,83201,"Psarras, Paul T.",8/16/2026,12/19/2026,R,1800,1915,4-02,0150,CP,"MUS.-371-JX, MUS.-372-JX, MUS.-373-JX, MUS.-374-JX, ",,Full Term,https://webschedule.smccd.edu/course/202608/83201
MUS.-402-JX,FACE TO FACE,Voice II,83204,"Dronkers, Marcelle A.",8/16/2026,12/19/2026,T,1900,2010,4-02,0110,CR,"MUS.-401-JX, MUS.-402-JX, MUS.-403-JX, MUS.-404-JX, ",,Full Term,https://webschedule.smccd.edu/course/202608/83204
MUS.-454-JX,FACE TO FACE,Jazz Workshop Big Band,95553,"Mitchell, Michael I.",8/16/2026,12/19/2026,M,1700,2005,4-02,0150,DZ,"MUS.-454-JX, MUS.-452-JX, ",,Full Term,https://webschedule.smccd.edu/course/202608/95553
MUS.-304-AX,FACE TO FACE,Piano IV,82751,"Moeller, Michelle A.",8/16/2026,12/19/2026,W,1410,1525,4-02,0240,EJ,"MUS.-303-AX, MUS.-304-AX, MUS.-302-AX, ",,Full Term,https://webschedule.smccd.edu/course/202608/82751
MUS.-389-AX,FACE TO FACE,Recording for Musical Apps. II,98269,"Otte, Adria A.",8/16/2026,12/19/2026,T,1410,1540,4-10,0161,CO,"MUS.-289-AX, MUS.-389-AX, ",,Full Term,https://webschedule.smccd.edu/course/202608/98269
MUS.-403-JX,FACE TO FACE,Voice III,83208,"Dronkers, Marcelle A.",8/16/2026,12/19/2026,T,1900,2010,4-02,0110,CR,"MUS.-401-JX, MUS.-402-JX, MUS.-403-JX, MUS.-404-JX, ",,Full Term,https://webschedule.smccd.edu/course/202608/83208
MUS.-425-AX,FACE TO FACE,Contemporary Jazz Combo,93264,"Mitchell, Michael I.",8/16/2026,12/19/2026,T,1345,1435,4-02,0110 & 0150,DI,"MUS.-425-AX, MUS.-424-AX, ",,Full Term,https://webschedule.smccd.edu/course/202608/93264
MUS.-503-AX,FACE TO FACE,Studio Lessons III(Appl.MusIII,94696,"Otte, Adria A.",8/16/2026,12/19/2026,M,1240,1330,4-02,0150,DV,"MUS.-501-AX, MUS.-502-AX, MUS.-503-AX, MUS.-504-AX, ",,Full Term,https://webschedule.smccd.edu/course/202608/94696
MUS.-100-OVH,ONLINE,Fundamentals of Music,82733,"Bobrowski, Christine M.",10/11/2026,12/19/2026,       ,    ,    ,4-ONLN,0000,,,3A,9th Week Start Date,https://webschedule.smccd.edu/course/202608/82733
MUS.-202-OUH,ONLINE,Music Appreciation,96078,"Hoffmann, Shulamit",10/11/2026,12/19/2026,       ,    ,    ,4-ONLN,0000,,,3A,9th Week Start Date,https://webschedule.smccd.edu/course/202608/96078
MUS.-373-JX,FACE TO FACE,Guitar III,83901,"Psarras, Paul T.",8/16/2026,12/19/2026,R,1800,1915,4-02,0150,CP,"MUS.-371-JX, MUS.-372-JX, MUS.-373-JX, MUS.-374-JX, ",,Full Term,https://webschedule.smccd.edu/course/202608/83901
MUS.-404-JX,FACE TO FACE,Voice IV,84167,"Dronkers, Marcelle A.",8/16/2026,12/19/2026,T,1900,2010,4-02,0110,CR,"MUS.-401-JX, MUS.-402-JX, MUS.-403-JX, MUS.-404-JX, ",,Full Term,https://webschedule.smccd.edu/course/202608/84167
MUS.-504-AX,FACE TO FACE,Studio Lessons IV(Appl.Mus.IV),94697,"Otte, Adria A.",8/16/2026,12/19/2026,M,1240,1330,4-02,0150,DV,"MUS.-501-AX, MUS.-502-AX, MUS.-503-AX, MUS.-504-AX, ",,Full Term,https://webschedule.smccd.edu/course/202608/94697
MUS.-296-HAX,HYBRID,Elec. Music Comp. Portfolio I,96170,"Bobrowski, Christine M.",8/16/2026,12/19/2026,M,1025,1220,4-ONLN,0000 & 0160,DS,"MUS.-292-HAX, MUS.-296-HAX, MUS.-297-HAX, ",,Full Term,https://webschedule.smccd.edu/course/202608/96170
MUS.-297-HAX,HYBRID,Elec. Music Comp. Portfolio II,96605,"Bobrowski, Christine M.",8/16/2026,12/19/2026,M,1025,1220,4-ONLN,0000 & 0160,DS,"MUS.-292-HAX, MUS.-296-HAX, MUS.-297-HAX, ",,Full Term,https://webschedule.smccd.edu/course/202608/96605
MUS.-374-JX,FACE TO FACE,Guitar IV,83952,"Psarras, Paul T.",8/16/2026,12/19/2026,R,1800,1915,4-02,0150,CP,"MUS.-371-JX, MUS.-372-JX, MUS.-373-JX, MUS.-374-JX, ",,Full Term,https://webschedule.smccd.edu/course/202608/83952
PHIL-100-OPH,ONLINE,Introduction to Philosophy,93257,"Ball, Jeremy C.",8/16/2026,12/19/2026,       ,    ,    ,4-ONLN,0000,,,3B,Full Term,https://webschedule.smccd.edu/course/202608/93257
PHIL-100-BB,FACE TO FACE,Introduction to Philosophy,95504,"Ball, Jeremy C.",8/16/2026,12/19/2026,TR,0945,1100,4-18,0306,,,3B,Full Term,https://webschedule.smccd.edu/course/202608/95504
PHIL-100-AA,FACE TO FACE,Introduction to Philosophy,82785,"Ball, Jeremy C.",8/16/2026,12/19/2026,MW,1110,1225,4-18,0306,,,3B,Full Term,https://webschedule.smccd.edu/course/202608/82785
PHIL-244-HYA,HYBRID,Intro Ethics:Soci/Moral Issues,84725,"Ball, Jeremy C.",8/16/2026,12/19/2026,R,1110,1225,4-18,0000 & 0306,,,3B,Full Term,https://webschedule.smccd.edu/course/202608/84725
PHIL-200-ZXH,ONLINE,Introduction to Logic,97532,"Ball, Jeremy C.",8/16/2026,12/19/2026,T,1110,1225,4-18,0000 & 0306,EK,"PHIL-200-HXA, PHIL-200-ZXH, ",,Full Term,https://webschedule.smccd.edu/course/202608/97532
PHIL-200-HXA,HYBRID,Introduction to Logic,96077,"Ball, Jeremy C.",8/16/2026,12/19/2026,T,1110,1225,4-18,0000 & 0306,EK,"PHIL-200-HXA, PHIL-200-ZXH, ",,Full Term,https://webschedule.smccd.edu/course/202608/96077
POLS-110-OLH,ONLINE,Intro Comp Gov and Politics,98949,"Miller, Lee R.",8/16/2026,12/19/2026,       ,    ,    ,4-ONLN,0000,,,4,Full Term,https://webschedule.smccd.edu/course/202608/98949
POLS-150-OLH,ONLINE,Intro to Political Theory,98654,"Miller, Lee R.",8/16/2026,12/19/2026,       ,    ,    ,4-ONLN,0000,,,4,Full Term,https://webschedule.smccd.edu/course/202608/98654
POLS-C1000-OMH,ONLINE,American Government & Politics,98681,"Miller, Lee R.",8/30/2026,12/19/2026,       ,    ,    ,4-ONLN,0000,,,4,3rd Week Start Date,https://webschedule.smccd.edu/course/202608/98681
POLS-210-OLH,ONLINE,American Politics,98655,"Miller, Lee R.",8/16/2026,12/19/2026,       ,    ,    ,4-ONLN,0000,,,4,Full Term,https://webschedule.smccd.edu/course/202608/98655
POLS-100-HYA,HYBRID,Intro. to Political Science,98652,"Noori, Azatullah",10/11/2026,12/19/2026,W,0945,1100,4-16,0000 & 0209,,,4,9th Week Start Date,https://webschedule.smccd.edu/course/202608/98652
POLS-210-HYA,HYBRID,American Politics,98948,"Miller, Lee R.",8/16/2026,12/19/2026,T,0945,1100,4-16,0000 & 0209,,,4,Full Term,https://webschedule.smccd.edu/course/202608/98948
PSYC-100-OLH,ONLINE,Introduction to Psychology,93462,"Avera, Joshua W.",10/11/2026,12/19/2026,       ,    ,    ,4-ONLN,0000,,,4,9th Week Start Date,https://webschedule.smccd.edu/course/202608/93462
PSYC-100-OTH,ONLINE,Introduction to Psychology,82844,"Trafalis, Sandra",10/11/2026,12/19/2026,       ,    ,    ,4-ONLN,0000,,,4,9th Week Start Date,https://webschedule.smccd.edu/course/202608/82844
PSYC-100-OVH,ONLINE,Introduction to Psychology,98178,"Trafalis, Sandra",10/11/2026,12/19/2026,       ,    ,    ,4-ONLN,0000,,,4,9th Week Start Date,https://webschedule.smccd.edu/course/202608/98178
PSYC-310-OLH,ONLINE,Positive Psychology,96306,"Robins, Shani",8/16/2026,12/19/2026,       ,    ,    ,4-ONLN,0000,,,,Full Term,https://webschedule.smccd.edu/course/202608/96306
PSYC-120-OLH,ONLINE,Intro to Research Methods,97966,"Basil, Trevor W.",10/11/2026,12/19/2026,       ,    ,    ,4-ONLN,0000,,,4,9th Week Start Date,https://webschedule.smccd.edu/course/202608/97966
PSYC-100-HYC,HYBRID,Introduction to Psychology,92366,"Clifford Jr, James O.",8/16/2026,12/19/2026,M,1110,1225,4-10,0000 & 0194,,,4,Full Term,https://webschedule.smccd.edu/course/202608/92366
PSYC-300-OMH,ONLINE,Social Psychology,84153,"Firpo, Catherine M.",8/16/2026,12/19/2026,       ,    ,    ,4-ONLN,0000,,,4,Full Term,https://webschedule.smccd.edu/course/202608/84153
PSYC-320-OLH,ONLINE,Psyc Wellness:Mind-Body Connec,96169,"Robins, Shani",8/16/2026,12/19/2026,       ,    ,    ,4-ONLN,0000,,,4,Full Term,https://webschedule.smccd.edu/course/202608/96169
PSYC-121-OLH,ONLINE,Basic Statistical Concepts,96541,"Rose, Murielle T.",8/16/2026,12/19/2026,       ,    ,    ,4-ONLN,0000,,,,Full Term,https://webschedule.smccd.edu/course/202608/96541
PSYC-330-AA,FACE TO FACE,Sports Psychology,96920,"Warner, Michelle K.",8/16/2026,12/19/2026,TR,0945,1100,4-10,0193,,,4,Full Term,https://webschedule.smccd.edu/course/202608/96920
PSYC-220-OLH,ONLINE,Introduction to Psychobiology,87117,"Clifford Jr, James O.",8/16/2026,12/19/2026,       ,    ,    ,4-ONLN,0000,,,"4,5B",Full Term,https://webschedule.smccd.edu/course/202608/87117
PSYC-330-HYA,HYBRID,Sports Psychology,98264,"Warner, Michelle K.",8/16/2026,12/19/2026,MW,1110,1200,4-10,0000 & 0193,,,4,Full Term,https://webschedule.smccd.edu/course/202608/98264
PSYC-120-OTH,ONLINE,Intro to Research Methods,96168,"Clifford Jr, James O.",8/16/2026,12/19/2026,       ,    ,    ,4-ONLN,0000,,,4,Full Term,https://webschedule.smccd.edu/course/202608/96168
PSYC-100-HYB,HYBRID,Introduction to Psychology,82836,"Clifford Jr, James O.",8/16/2026,12/19/2026,M,0945,1100,4-10,0000 & 0194,,,4,Full Term,https://webschedule.smccd.edu/course/202608/82836
PSYC-200-HYA,HYBRID,Developmental Psychology,96609,"Mullane, Michelle A.",8/30/2026,12/19/2026,T,1110,1235,4-10,0000 & 0193,,,4,3rd Week Start Date,https://webschedule.smccd.edu/course/202608/96609
PSYC-100-HYA,HYBRID,Introduction to Psychology,82845,"Clifford Jr, James O.",8/16/2026,12/19/2026,M,0810,0925,4-TBD,0000 & UNKN,,,4,Full Term,https://webschedule.smccd.edu/course/202608/82845
PSYC-100-OMH,ONLINE,Introduction to Psychology,95976,"Avera, Joshua W.",10/11/2026,12/19/2026,       ,    ,    ,4-ONLN,0000,,,4,9th Week Start Date,https://webschedule.smccd.edu/course/202608/95976
PSYC-121-HYA,HYBRID,Basic Statistical Concepts,98265,"Bera, Stephan J.",8/16/2026,12/19/2026,W,0945,1100,4-TBD,0000 & UNKN,,,,Full Term,https://webschedule.smccd.edu/course/202608/98265
PSYC-100-YBH,ONLINE,Introduction to Psychology,83484,"Avera, Joshua W.",8/16/2026,12/19/2026,TR,1110,1225,4-ONLN,0000,,,4,Full Term,https://webschedule.smccd.edu/course/202608/83484
PSYC-410-OLH,ONLINE,Abnormal Psychology,93812,"Mullane, Michelle A.",8/16/2026,12/19/2026,       ,    ,    ,4-ONLN,0000,,,4,Full Term,https://webschedule.smccd.edu/course/202608/93812
PSYC-100-ONH,ONLINE,Introduction to Psychology,96607,"Clifford Jr, James O.",10/11/2026,12/19/2026,       ,    ,    ,4-ONLN,0000,,,4,9th Week Start Date,https://webschedule.smccd.edu/course/202608/96607
PSYC-121-OMH,ONLINE,Basic Statistical Concepts,98423,"Basil, Trevor W.",10/11/2026,12/19/2026,       ,    ,    ,4-ONLN,0000,,,,9th Week Start Date,https://webschedule.smccd.edu/course/202608/98423
PSYC-110-ONH,ONLINE,"Courtship, Marriage & Family",82856,"Firpo, Catherine M.",10/11/2026,12/19/2026,       ,    ,    ,4-ONLN,0000,,,4,9th Week Start Date,https://webschedule.smccd.edu/course/202608/82856
PSYC-100-OPH,ONLINE,Introduction to Psychology,82837,"Clifford Jr, James O.",8/16/2026,12/19/2026,       ,    ,    ,4-ONLN,0000,,,4,Full Term,https://webschedule.smccd.edu/course/202608/82837
PSYC-100-OUH,ONLINE,Introduction to Psychology,98740,"Clifford Jr, James O.",10/11/2026,12/19/2026,       ,    ,    ,4-ONLN,0000,,,4,9th Week Start Date,https://webschedule.smccd.edu/course/202608/98740
PSYC-105-OLH,ONLINE,Experimental Psychology,98433,"Clifford Jr, James O.",10/11/2026,12/19/2026,       ,    ,    ,4-ONLN,0000,,,4,9th Week Start Date,https://webschedule.smccd.edu/course/202608/98433
PSYC-100-OSH,ONLINE,Introduction to Psychology,82847,"Trafalis, Sandra",10/11/2026,12/19/2026,       ,    ,    ,4-ONLN,0000,,,4,9th Week Start Date,https://webschedule.smccd.edu/course/202608/82847
SOCI-105-OLH,ONLINE,Social Problems,95572,"Lusk, Jeniece T.",8/16/2026,12/19/2026,       ,    ,    ,4-ONLN,0000,,,4,Full Term,https://webschedule.smccd.edu/course/202608/95572
SOCI-100-HYB,HYBRID,Introduction to Sociology,82941,"Mathur, Minu",8/16/2026,12/19/2026,M,1110,1225,4-10,0000 & 0192,,,4,Full Term,https://webschedule.smccd.edu/course/202608/82941
SOCI-160-OLH,ONLINE,Sociology of Sex and Gender,96919,"Womack, Malia L.",8/16/2026,12/19/2026,       ,    ,    ,4-ONLN,0000,,,4,Full Term,https://webschedule.smccd.edu/course/202608/96919
SOCI-100-OLH,ONLINE,Introduction to Sociology,93241,"Mathur, Minu",8/16/2026,12/19/2026,       ,    ,    ,4-ONLN,0000,,,4,Full Term,https://webschedule.smccd.edu/course/202608/93241
SOCI-100-HYC,HYBRID,Introduction to Sociology,82940,"Mathur, Minu",8/16/2026,12/19/2026,M,0945,1100,4-10,0000 & 0192,,,4,Full Term,https://webschedule.smccd.edu/course/202608/82940
SOCI-100-HYD,HYBRID,Introduction to Sociology,86173,"Mathur, Minu",8/16/2026,12/19/2026,T,0945,1100,4-10,0000 & 0192,,,4,Full Term,https://webschedule.smccd.edu/course/202608/86173
SOCI-100-ONH,ONLINE,Introduction to Sociology,82937,"Mathur, Minu",8/16/2026,12/19/2026,       ,    ,    ,4-ONLN,0000,,,4,Full Term,https://webschedule.smccd.edu/course/202608/82937
SOCI-100-OPH,ONLINE,Introduction to Sociology,90372,"Mathur, Minu",10/11/2026,12/19/2026,       ,    ,    ,4-ONLN,0000,,,4,9th Week Start Date,https://webschedule.smccd.edu/course/202608/90372
SOCI-100-ORH,ONLINE,Introduction to Sociology,97907,"Mathur, Minu",10/11/2026,12/19/2026,       ,    ,    ,4-ONLN,0000,,,4,9th Week Start Date,https://webschedule.smccd.edu/course/202608/97907